{"cameraMode":{"drawMode":0,"name":"Shaded","section":"Shading Mode"},"sceneLighting":true,"audioPlay":false,"sceneViewState":{"m_AlwaysRefresh":false,"showFog":true,"showSkybox":true,"showFlares":true,"showImageEffects":true,"showParticleSystems":true,"showVisualEffectGraphs":true,"m_FxEnabled":true},"in2DMode":false,"pivot":{"x":9.95338249206543,"y":20.611894607543947,"z":-19.134075164794923},"rotation":{"x":-0.3449888527393341,"y":0.19287163019180299,"z":-0.07266659289598465,"w":-0.9156838059425354},"size":0.003933714237064123,"orthographic":false}